{"leak_rate_1": 0.08161462378807116, "leak_rate_2": 0.5899540390248258, "leak_rate_3": 0.9896540843119228, "time_constant": 1430, "bias_scaling_1": 1.4213049645635183, "bias_scaling_2": 0.3687049141012283, "bias_scaling_3": 1.1380413886607903, "connectivity_1": 0.11974299945719775, "connectivity_2": 0.34701709322639246, "connectivity_3": 0.27890399749845324, "input_scaling_1": 2.325139209182536, "input_scaling_2": 1.5636539006392185, "input_scaling_3": 1.9022545474265864, "ridge_parameter": 0.26744934383320895, "reservoir_size_1": 2600, "reservoir_size_2": 5600, "reservoir_size_3": 2900, "spectral_radius_1": 0.9884278400256564, "spectral_radius_2": 0.8632439145202826, "spectral_radius_3": 0.6179884207955758}