{"leak_rate": 0.15106893929732337, "bias_scaling": 0.31373421591985473, "connectivity": 0.14124200571720907, "input_scaling": 0.6578231185180134, "time_constant": 1237, "reservoir_size": 6400, "ridge_parameter": 0.04182454959147429, "spectral_radius": 0.9984908396036845}