{"leak_rate": 0.12606573206178617, "bias_scaling": 1.1849427240706327, "connectivity": 0.19316727878220347, "input_scaling": 4.456223769807067, "time_constant": 1313, "reservoir_size": 7000, "ridge_parameter": 0.0051237447107428105, "spectral_radius": 0.9736851350842376}